url,city,subcity,datetime_created,datetime_updated,category,type,title,text,age,body,body art,diet,dislikes,drinks,drugs,education,ethnicity,eye color,facial hair,fears,hair,height,hiv/hsv/hpv,interests,"kids, have","kids, want",likes,native language,occupation,personality,pets,politics,religion,resembles,smokes,status,weight,zodiac
http://oklahomacity.craigslist.org/msr/5465845072.html,oklahomacity,,2016-02-26 13:00,2016-03-08 20:27,msr,m4w,28 blk male,"
You seek you shall find!!! I'm waiting for you...please send pic as I will the same
",28,average,,,,,,,,,,,," 6'2"" (187cm)",,,,,,,,,,,,,,single,,
http://oklahomacity.craigslist.org/msr/5456791435.html,oklahomacity,,2016-02-20 12:46,2016-03-08 20:21,msr,m4w,seeking clean sensual woman,"
I am looking for a ""good woman"" who is seeking a real meeting with a trusted good man like me. I seek a woman with whom needs my attentions and much as I need to give that attention. I want to provide regular erotic and sensual attention to a good woman that deserves and dreams about being the center of my attentions. I am single, white, 5'6"", 145# and you need to be in decent shape like I am. I want to give you that wet, squirting, toe pointing, body shivering pleasure you never seem to get. I am NOT seeking a sleazy, nasty or dirty woman, and seek a private, unfulfilled sensually driven woman. I want to be your outlet. I do NOT seek the many"", but the ""one"".

You are seeking a sensual experience focusing on your womanly needs, and can't find it? Most likely you are less socially nimble, and prefer discrete privacy. You also probably shave below and love to dress up your womanly parts with pretty panties. You want and need to be touched, tasted and felt head to toe, and YOU particularly enjoy receiving cunnilingus. You just lay back and let me pleasure you head to toe. I like to give long duration sensual pleasuring, and very much into the vagina. I can host you, or we can work something out. I am fit, and am attracted to same. Not really a breast man. I do not mind a little bit curvy. Outside of that, race, hair color, eyes, culture, heritage, race, glasses, economic standing, breast size, etc., etc., is not important to me, prefer the small derriere and trim waist. I want to be with a woman that needs to share her sensual side with a good man. You need to be a non smoker, no drugs, and drink lightly like me. Reply with ""sensualize me"" in the subject line and tell me what you like or want to experience, your physical stats, and when you are free to play. I will not reply to those asking immediately for a picture, number or email address, or will not describe themselves or approximate location. Remember, this is for fun and enjoyment for you and me, so be as forward as you can .
",,,,,,,,,,,,,,,,,,,,,,,,,,,,,,
http://oklahomacity.craigslist.org/msr/5482907061.html,oklahomacity,,2016-03-08 19:01,2016-03-08 19:39,msr,m4w,pantyboy seeks femdom,"
cute sissyboy slave seeking a white female mistress to serv and obey txt me at for oh fiv fiv oh one for too thre for.
",46,fit,,,,,,,,,,,,,,,,,,,,,,,,,,,,
http://oklahomacity.craigslist.org/msr/5482861540.html,oklahomacity,,2016-03-08 18:24,2016-03-08 18:24,msr,m4t,Iso a beautiful Ts,"
I'm 24 and I'm partnered. I'm looking a beautiful woman with something extra. We have to be discreet. I have pics and I'm worth a look. I work out 4 times a week. I would like to find a long term fwb. Send me a pic with face and body, I promise I'll send one right back if I'm interested. I do have kik
",24,athletic,,,,,,,,,,,," 5'10"" (177cm)",,,,,,,,,,,,,,,,
http://oklahomacity.craigslist.org/msr/5474161473.html,oklahomacity,,2016-03-03 00:17,2016-03-08 13:32,msr,t4m,Hot ts 4 hot man to date,"
Looking to hangout maybe date if it leads to that, not looking to just hook up so if that's all your after then I'm not interested,I'm 5'6 blonde hair green eyes, I workout and take care of myself I train barrel horses and barrels race I love anything active and outside, of course attraction has to be there so if you don't send a pic I won't reply or if I don't reply I'm just not interested nothing personal
",30,athletic,,,,,,,,,,,," 5'6"" (167cm)",,,,,,,,,,,,,,single,,
http://oklahomacity.craigslist.org/msr/5476292014.html,oklahomacity,,2016-03-04 12:05,2016-03-08 12:43,msr,t4m,Trans MtF LF LTR,"
Hi, My name is Aimee Galloway. I am looking for a guy who would be okay with dating a trans woman. If you are new to the idea, We are not a fetish, We are not crossdressers, we are not trannies looking for sex pretending to be women. I took down a post a while back because all people wanted me for was the idea of some weird fetishes. Now, to about me. Im nerdy, Just recently saw the Deadpool movie and LOVED it! I like games, Have a nice gaming laptop i recently started playing a few steam games on (Loving Skyrim). and, i guess im looking for the same thing! I am fat...hope that isnt an issue, I am 100% (i live as a woman, not as a man) but i have not started HRT or had any surgeries...though i do want these things more than i want air. Please email me soon, would love to get to know someone and talk a bit ^_^
",25,heavy,,,,,,,,,,,," 5'11"" (180cm)",,,,,,,,,,,,,,single,,
http://oklahomacity.craigslist.org/msr/5482170767.html,oklahomacity,,2016-03-08 11:30,2016-03-08 11:30,msr,m4m,Young boy (43-48) wanted for dad,"
Poz dad seeks young boy for live-in ltr thing


..........................................................................

",51,fit,,,,,,,white,,,,," 6'0"" (182cm)",,,,,,,,,,,,,,single,173,
http://oklahomacity.craigslist.org/msr/5449316906.html,oklahomacity,,2016-02-15 14:41,2016-03-08 10:33,msr,m4mw,First 3 sum,"
Mwm ddf HWP very clean wanting to be in a 3 sum can't host. During the day is the best timo
",,average,,,,,,,,,,,," 6'4"" (193cm)",,,,,,,,,,,,,,married,,
http://oklahomacity.craigslist.org/msr/5478713731.html,oklahomacity,,2016-03-06 02:03,2016-03-08 04:03,msr,m4w,Quick head m4w m4m m4t,"
Looking for someone to come by asap swap head then leave send pics and stats in reply looking for now no games
",,,,,,,,,,,,,,,,,,,,,,,,,,,,,,
http://oklahomacity.craigslist.org/msr/5481336727.html,oklahomacity,,2016-03-07 19:13,2016-03-07 19:45,msr,m4w,looking for a lady,"
I AM LOOKING FOR A NICE LADY.
I am 60, white,(look younger) 5'10"", 185, well dressed, well traveled and a GENTLEMAN. no tats or piercings, non smoker, very, very, clean and neat.I know how to open doors, hold chairs, send cards and flowers and I certainly know how to treat a lady. also know how to cook and enjoy it, I can do laundry and even can put a trash bag back in the can after I empty it. I am not rich but financially secure, home owner, in NW OKC, own my cars etc. do not need to be kept and not looking for someone to keep either.looking to date, not looking for a live in at this time(but who knows?) 
that's me.
what am I looking for? MUST BE LOCAL, 50-70, or so,( NO KIDS) slim to a few extra pounds, not obese, white, smell good, well groomed, fun, romantic, some one who does not have to be entertained, likes love stories, wine occasionally, evening drives, quite times at home, and probably, someone who likes to make love, long, slow, passionate love. lots and lots of foreplay. (I don't mean to start with) but I am a lover and truly enjoy and know the ART of pleasing a woman.
lets email some, maybe text and if YOU are interested enough, pick a public place and a time and lets meet and talk and see if we want to go any farther.
I would appreciate a picture,------ NO NUDE PICTURES PLEASE------- and your height and weight and I will send a picture in return.
",,,,,,,,,,,,,,,,,,,,,,,,,,,,,,
http://oklahomacity.craigslist.org/msr/5480591167.html,oklahomacity,,2016-03-07 11:48,2016-03-07 12:11,msr,m4mw,Chat with Like-minded Polyandry,"
Definition of POLYANDRY
: the state or practice of having more than one husband or male mate at one time

Looking for like minded polyandry people? Couple looking for another husband? Men looking to join a couple for long term relationship? 

This group is for those who are interested in and living the Polyandry lifestyle. We are not looking for hookups, FWB or one night stands. 
If interested in getting to know like-minded people, Scan the code to join

This is just a chat to get to know people :)
",,,,,,,,,,,,,,,,,,,,,,,,,,,,,,
http://oklahomacity.craigslist.org/msr/5456407383.html,oklahomacity,,2016-02-20 09:00,2016-03-07 11:49,msr,mw4m,Chat with Likeminded Polyandry,"
Definition of POLYANDRY
: the state or practice of having more than one husband or male mate at one time

Looking for like minded polyandry people? Couple looking for another husband? Men looking to join a couple for long term relationship? 

This group is for those who are interested in and living the Poly lifestyle. To chat with likeminded people and maybe find love

We are NOT looking for hookups, FWB or one night stands. Or pictures of your penis... 


There is absolutely no reason to keep flagging these posts. If you dont like polyandry.. Scroll on
SCAN THE CODE to get to the chat....
",,,,,,,,,,,,,,,,,,,,,,,,,,,,,,
http://oklahomacity.craigslist.org/msr/5480033903.html,oklahomacity,,2016-03-07 01:23,2016-03-07 03:20,msr,m4w,Sexist Asshole Needs Punished,"

So first off I would like to say Hello to my fellow ladies. My name is Maddy. And thanks for reading. 

Basically what is going on is a guy lost a bet to me and my friends. He is a sexist asshole and has bullied a majority of my friends and I over the years. 

So I decided to turn the tables and make him be a slave for any women interested. He is not allowed to say no to anything. And has to do whatever he is told. 

So if any women want to teach him a lesson and punish and boss a sexist asshole around then hit me up. He can be yours to use and abuse however you wish.
",25,,,,,,,,,,,,,,,,,,,,,,,,,,,,,
http://oklahomacity.craigslist.org/msr/5464468820.html,oklahomacity,,2016-02-25 14:15,2016-03-06 23:44,msr,mw4w,Attractive couple looking for long term female companion,"
We are married couple 34 and 36 smoke free drug free std free. We have kids so need to find someone that loves kids and is responsible around children always. We are kid free about 2 or 3 weekends a month because of grandparents:) . We are very family oriented enjoy working out we like to dance drink occasionally go to dinner movies lake occasionally concerts and hang at friends house for get togethers. If you are an attractive fit female wanting a male and female companion to share life with and our serious message us . I'm 5 6 and he is 6 foot even
",36,athletic,,,,,,,,,,,," 5'6"" (167cm)",,,,,,,,,,,,,,married,,
http://oklahomacity.craigslist.org/msr/5465274835.html,oklahomacity,,2016-02-26 06:43,2016-03-06 23:43,msr,mw4w,long-term relationship,"
Good looking fun couple with kids wanting a female for great friendship and more. We have good jobs nice home drug free we love family time working out staying home and getting out and about we areally fun can be silly female likes to read shop talk alot and is outgoing sweet male is fun laid back caring respectful and caring likes to do normal guy things if want a normal relationship but with an added female to equation because your bi email us and we can exchange pics and get to know each other from there
",34,athletic,,,,,,,,,,,," 5'6"" (167cm)",,,,,,,,,,,,,,married,,
http://oklahomacity.craigslist.org/msr/5451803412.html,oklahomacity,,2016-02-17 08:52,2016-03-06 22:55,msr,m4mw,"Do you want your wife, gf, or family trained to be your sex slave","
Do you want your wife, gf, or family member trained to be your willing whore, playing, and complete slave?
Well I have good news and some bad news. 
The good is that you've found some one willing to train the one you have dreamed of being your play thing to fulfil your every fantasy. I can train them to willingly and gladly pleasure you and any one you say with but a word from you where ever and when ever you wish. If you want them to say go to a frat party and offer there body to be used by every guy there how ever they please even if they want to torture her well she will with a smile go and do it as when I'm done with the one or ones you want there only prority and desire will be you happy and pleased with them
Now the bad. 
It will not be easy. It's not simple shaping and molding even a willing girl to become this ultimate fantasy. But it can and will be done if you are willing to follow thru. 
I don't expect much most of my needs are met as I train them but depending on there age and willingness what I need from you can change so tell me who you want or need trained and lets go from there. 
Serious replys only
Tell me the girls name, your relationship with her, and her age in the subject line
Then tell me about her, what you want her to become, where you and her live and about you, what your goals for her are and how you plan on using her to her fullest
And understand I'm mainly only looking for people who want this in the Norman and maybe Moore area but if your out of this area please still respond and if your case is good enough I'll do it personally other wise I'll send it on to others who may take you up and train the girl
",30,,,,,,,,,,,,,,,,,,,,,,,,,,,,,
http://oklahomacity.craigslist.org/msr/5479686046.html,oklahomacity,,2016-03-06 18:11,2016-03-06 18:43,msr,m4w,looking for a lady,"
I AM LOOKING FOR A NICE LADY.
I am 60, white,(look younger) 5'10"", 185, well dressed, well traveled and a GENTLEMAN. no tats or piercings, non smoker, very, very, clean and neat.I know how to open doors, hold chairs, send cards and flowers and I certainly know how to treat a lady. also know how to cook and enjoy it, I can do laundry and even can put a trash bag back in the can after I empty it. I am not rich but financially secure, home owner, in NW OKC, own my cars etc. do not need to be kept and not looking for someone to keep either.looking to date, not looking for a live in at this time(but who knows?) 
that's me.
what am I looking for? MUST BE LOCAL, 50-70, or so,( NO KIDS) slim to a few extra pounds, not obese, white, smell good, well groomed, fun, romantic, some one who does not have to be entertained, likes love stories, wine occasionally, evening drives, quite times at home, and probably, someone who likes to make love, long, slow, passionate love. lots and lots of foreplay. (I don't mean to start with) but I am a lover and truly enjoy and know the ART of pleasing a woman.
lets email some, maybe text and if YOU are interested enough, pick a public place and a time and lets meet and talk and see if we want to go any farther.
I would appreciate a picture,------ NO NUDE PICTURES PLEASE------- and your height and weight and I will send a picture in return.
",,,,,,,,,,,,,,,,,,,,,,,,,,,,,,
http://oklahomacity.craigslist.org/msr/5479433172.html,oklahomacity,,2016-03-06 15:03,2016-03-06 15:41,msr,m4w,looking for a lady,"
I AM LOOKING FOR A NICE LADY.
I am 60, white,(look younger) 5'10"", 185, well dressed, well traveled and a GENTLEMAN. no tats or piercings, non smoker, very, very, clean and neat.I know how to open doors, hold chairs, send cards and flowers and I certainly know how to treat a lady. also know how to cook and enjoy it, I can do laundry and even can put a trash bag back in the can after I empty it. I am not rich but financially secure, home owner, in NW OKC, own my cars etc. do not need to be kept and not looking for someone to keep either.looking to date, not looking for a live in at this time(but who knows?) 
that's me.
what am I looking for? MUST BE LOCAL, 50-70, or so,( NO KIDS) slim to a few extra pounds, not obese, white, smell good, well groomed, fun, romantic, some one who does not have to be entertained, likes love stories, wine occasionally, evening drives, quite times at home, and probably, someone who likes to make love, long, slow, passionate love. lots and lots of foreplay. (I don't mean to start with) but I am a lover and truly enjoy and know the ART of pleasing a woman.
lets email some, maybe text and if YOU are interested enough, pick a public place and a time and lets meet and talk and see if we want to go any farther.
I would appreciate a picture,------ NO NUDE PICTURES PLEASE------- and your height and weight and I will send a picture in return.
",,,,,,,,,,,,,,,,,,,,,,,,,,,,,,
http://oklahomacity.craigslist.org/msr/5475982322.html,oklahomacity,,2016-03-04 09:19,2016-03-06 11:39,msr,m4w,looking for a lady,"
I AM LOOKING FOR A NICE LADY.
I am 60, white,(look younger) 5'10"", 185, well dressed, well traveled and a GENTLEMAN. no tats or piercings, non smoker, very, very, clean and neat.I know how to open doors, hold chairs, send cards and flowers and I certainly know how to treat a lady. also know how to cook and enjoy it, I can do laundry and even can put a trash bag back in the can after I empty it. I am not rich but financially secure, home owner, in NW OKC, own my cars etc. do not need to be kept and not looking for someone to keep either.looking to date, not looking for a live in at this time(but who knows?) 
that's me.
what am I looking for? MUST BE LOCAL, 50-70, or so,( NO KIDS) slim to a few extra pounds, not obese, white, smell good, well groomed, fun, romantic, some one who does not have to be entertained, likes love stories, wine occasionally, evening drives, quite times at home, and probably, someone who likes to make love, long, slow, passionate love. lots and lots of foreplay. (I don't mean to start with) but I am a lover and truly enjoy and know the ART of pleasing a woman.
lets email some, maybe text and if YOU are interested enough, pick a public place and a time and lets meet and talk and see if we want to go any farther.
I would appreciate a picture,------ NO NUDE PICTURES PLEASE------- and your height and weight and I will send a picture in return.
no bots or redirects to another site, 
",,,,,,,,,,,,,,,,,,,,,,,,,,,,,,
http://oklahomacity.craigslist.org/msr/5478801610.html,oklahomacity,,2016-03-06 06:53,2016-03-06 06:53,msr,m4m,I want to try it at least once...,"
Here's the thing....I've often fantasized about it when I'm feeling really naughty. ..but I would like to try it for real at least once...kind of a bucket list thing...so I am looking for a young guy... either straight and looking to expiriment....or in the closet...I've looked on here a few times but this won't work if you are a wild freaky boy slut....be young and not hairy...and chill...and we can hang out...and go slow and see what happens...touch a little and if it's more than just a fantasy and I like it ...we can keep going...maybe just once or who knows maybe more...if we get along maybe even tag team some bitches....

Hmu if this sounds like you ..
",,average,,,,,,,,,,,," 6'0"" (182cm)",,,,,,,,,,,,,,,,
http://oklahomacity.craigslist.org/msr/5478719221.html,oklahomacity,,2016-03-06 02:22,2016-03-06 03:24,msr,w4w,Young couple seeking fun partner,"
18 year old female and 19 year old male seeking someone just to have fun with. Nothing serious and must be willing to meet in okc.
",,,,,,,,,,,,,,,,,,,,,,,,,,,,,,
http://oklahomacity.craigslist.org/msr/5461437285.html,oklahomacity,,2016-02-23 14:44,2016-03-05 21:55,msr,m4t,Sexy ebony ts for relationship must be female,"
Hi am looking for a ebony sexy hung ts for a long term relationship am a big guy tattoos and really tall if ur real and not being a hooker hit me up with pic and number so j know ur real again looking for a sexy hung ts girl for a real relationship
",27,big,,,,,,,,,,,," 6'6"" (198cm)",,,,,,,,,,,,,,single,,
http://oklahomacity.craigslist.org/msr/5478416954.html,oklahomacity,,2016-03-05 18:47,2016-03-05 18:47,msr,m4w,wanting to hangout,"
Hi.I just want someone to do things with,like going to movies,walks,,dinner, riding bicycle, casinos, need a friend and maybe more.I have been fighting cancer for 15 years and I am on ssi since 2009 so I haven't been able to work, hoping that will change soon.I'm a good man wanting a lady to hang with.picture for picture you send I send.
",52,average,,,,,,,,,,,," 5'9"" (175cm)",,,,,,,,,,,,,,divorced,,
http://oklahomacity.craigslist.org/msr/5454941479.html,oklahomacity,,2016-02-19 09:32,2016-03-05 16:20,msr,m4mw,"Do you want your wife, gf, or family trained to be your sex slave","
Do you want your wife, gf, or family member trained to be your willing whore, playing, and complete slave?
Well I have good news and some bad news. 
The good is that you've found some one willing to train the one you have dreamed of being your play thing to fulfil your every fantasy. I can train them to willingly and gladly pleasure you and any one you say with but a word from you where ever and when ever you wish. If you want them to say go to a frat party and offer there body to be used by every guy there how ever they please even if they want to torture her well she will with a smile go and do it as when I'm done with the one or ones you want there only prority and desire will be you happy and pleased with them
Now the bad. 
It will not be easy. It's not simple shaping and molding even a willing girl to become this ultimate fantasy. But it can and will be done if you are willing to follow thru. 
I don't expect much most of my needs are met as I train them but depending on there age and willingness what I need from you can change so tell me who you want or need trained and lets go from there. 
Serious replys only
Tell me the girls name, your relationship with her, and her age in the subject line
Then tell me about her, what you want her to become, where you and her live and about you, what your goals for her are and how you plan on using her to her fullest
And understand I'm mainly only looking for people who want this in the Norman and maybe Moore area but if your out of this area please still respond and if your case is good enough I'll do it personally other wise I'll send it on to others who may take you up and train the girl
",30,,,,,,,,,,,,,,,,,,,,,,,,,,,,,
http://oklahomacity.craigslist.org/msr/5478050074.html,oklahomacity,,2016-03-05 14:20,2016-03-05 14:34,msr,m4mm,Pervs wanted,"
Looking for pervy guys. Thick cocks and heavy cummers a plus but not a requirement. Clean ddf only for humans. :-) I'm horny and need cock and cum. Having land is a huge plus :-)
",33,,,,,,,,,,,,,,,,,,,,,,,,,,,,,
http://oklahomacity.craigslist.org/msr/5458428319.html,oklahomacity,,2016-02-21 16:20,2016-03-05 13:13,msr,m4w,beta,"
The thing that sticks at the forefront of my mind is this inherent ability to ""move when I move."" That the beta would be focused and aware of every subtle signal. The source of this focus would need not be love and care, but the ""ideal"" scenario would include this. Let's define ""move when I move:""
No matter the mission, the trail, the hunt, or the battle, the beta should be right at the shoulder. Having the ability to move ahead, yet the awareness to keep that pace to excellence of respect. If you watch Wolves, when the Alpha does something, there is immediately noticeable reaction throughout the pack. The Alpha moves, the beta moves and in some cases the beta makes sure the rest of the pack is in movement and deference.
In the absence of the Alpha, the beta assumes the role of alpha. This is such a position of trust. That the Alpha can absolutely trust in the fact that the beta will make the same decisions, exercise the same authority and care for all things in the same manner that the primary Alpha would is huge...RARE.
What sort of person makes a beta? This is the person whom can and will submit at the appropriate time. One who has no resentment nor reservation in doing so. This in not mindless submission, but that excellence of respect. Could this person be a little? Yes. Could this person be a submissive? Yes. Could this person be a domestic? Yes. Could this person be a switch? Yes. In fact this person could be from any sort of lifestyle aspect, the key is to have the heart in place. (The trick here is to not be so full of oneself that they rush headlong and reckless into things). Consider this analogy; A bear comes into the territory. (Literal or figurative). It is the Alpha's job to engage the bear, to make the stand. The beta is right there bite for bite, but doesn't engage first or alone.

Let's discuss loyalty for a moment:

Full Definition of loyal
1
: unswerving in allegiance: as
a : faithful in allegiance to one's lawful sovereign or government
b : faithful to a private person to whom fidelity is due
c : faithful to a cause, ideal, custom, institution, or product
2
: showing loyalty
3
obsolete : lawful, legitimate

(Paying particular attention to ""b"")

faithful, loyal, constant, staunch, steadfast, resolute mean firm in adherence to whatever one owes allegiance. faithful implies unswerving adherence to a person or thing or to the oath or promise by which a tie was contracted . loyal implies a firm resistance to any temptation to desert or betray . constant stresses continuing firmness of emotional attachment without necessarily implying strict obedience to promises or vows . staunch suggests fortitude and resolution in adherence and imperviousness to influences that would weaken it . steadfast implies a steady and unwavering course in love, allegiance, or conviction . resolute implies firm determination to adhere to a cause or purpose .

Why would I mention loyalty? Aside from it's obvious merits, there is an implication of an exchange. Without being too wordy, we all have an expectation of this exchange. It's the human nature that we don't give generously without some expectations of receiving. It is also the human nature not to extend generously first.
With that being said, as a reactionary person myself, I can easily see this reservation. However, I know in my heart that I could go all in on a clearly understood agreement. My honorable reality check is the simple fact that I would never ask for more than I could deliver myself! (I'll speak more on this nearer to the end)
Now seriously, why would I bother to write this? Am I seeking sexuality as a priority? Not hardly! I recently closed my sexual bucket list. I have been insanely fortunate in sexual escapades. Having literally experienced everything I ever fantasized about leaves this huge opportunity and focus toward something more substantial. Without boasting, this does merit a bit of elaboration...
I have engaged far and above my own league, as well as having dredged the depths of depravity. Some things that are probably best forgotten. I have had love and I've had quicky squirts. So this becomes no elaborate play in chasing orgasms. Hell I can rub one out myself in five minutes. All things considered, my focus is now able to be shifted.
Okay, if sexuality is somewhat removed as an exchange point, then what would truly impress me? I'll tell you...
I am in pretty fair shape for my age. I've had a lifestyle that has included a relatively healthy diet, a tendency towards working out, an inclination towards mutual combat and I appreciate the same. So physicality is a notable issue. I am far from perfect and ideal goal myself, but the simple inclination to try is impressive. (Note: perhaps there will be a touch more about this).
Can you put 3 rounds inside a dime? Now understand this, I don't necessarily seek a gun lover, but an inclination towards profiency is impressive.
Ride a bike? One of the sexiest things I've ever seen is a female handle her own bike.
Cook? I'm a good cook, I think it's fair to match my skill, or at least an inclination to attempt to match me is impressive.
Creative? That's always cool, shows the active mind.
Cool attitude? The ability to take the things as they come with an ""appropriate"" response is a lovely thing. I think they call that grace.
Pick up a dropped ball and pass it back into the game? Outstanding! Expecting the same in return? Absolutely reasonable.
Seem like a shopping list? Seem unreasonable? Seem like it's etched in stone? Not so much really. Not anymore than some of the ""lists"" as I've seen as subs have presented. Seriously though as I present this as an ideal, there's plenty of room for inclusive negotiation.
Back to physicality for a moment...
As previously mentioned, I have dated over and above, (and in fact been deeply involved with such). I admitted to allowing myself even beneath my own standards. My point being that I do believe in once again an honorable reality check. Do I expect celebrity model looks? Not hardly. In fact for some years, I literally swore off of overly attractive females for several notable reasons. At the same rate, I see no need to habitate and endorse less than my own equal, (no ego involved here). One thing I kinda like is a somewhat less attractive female rocking a porn star or athletic body. Let's face it, as a visual aspected male and equally true to the female aspect is that there must be attraction involved. On a side note: I always seek this unique factor. Be it an alternative look, or a cool personality trait, interesting ink or special talent. Honestly though, at the same rate, I can lose it over an idiosyncrasy or quirk. Race or ethnicity have no bearing in the matter. Age is certainly negotiable, but history has shown that I do better with those younger than myself.
So we come back to the exchange. Simply put, you get what you give. Or you may flip the script and expect me to give first, which in fact I would do!
Now let's bring realistic expectations in. I am on a mission to live small. To be efficient and minimize wasteful ways of being. This does in fact, include all aspects, monetary, time wise, career wise...everything. So there's no offer of highstyle living, no bribery, no gold to have, only golden moments. I'll certainly invest myself equally and whole heartedly. Obviously I'm not and cannot seek the proverbial sugar momma, at the same rate, neither am I a sugar daddy. I don't care if someone comes from a humble background, in fact it might even be a preference. But there's simply no easy meal ticket here.
So what is my part? My bills are paid, I never miss a meal except by choice, I entertain myself and or my s.o. at a nice level. A quiet life with some exaggerated adventures here and there.
This has degenerated to the lowest common denominator, it is in fact a personal ad. All the details, the lifestyle aspects, the D/s and/or bdsm interactions are utterly and completely negotiable under recognized protocols. I'm sure there's tons of deal breakers and limits that might wreck an idealistic supposition or proposal such as this. Without demonstrating a poor or pessimist attitude, I clearly recognize the challenge as presented. However, if I do not speak to the hearts desire, I plainly stand no chance whatsoever.
Please present inquiries on the private message.
I thank you.
",53,,,,,,,,,,,,,,,,,,,,,,,,,,,,,
http://oklahomacity.craigslist.org/msr/5454195731.html,oklahomacity,,2016-02-18 17:01,2016-03-04 18:31,msr,m4w,Fisting Fetish,"
Hi
I had an ex who loved fisting and since then I've always had a fetish for it. there's nothing hotter than seeing a woman cum hard when taking a fist.

Do you like the feel of a fist, a huge dildo, a large vegetable, the bottom of a wine bottle? Well, you get the picture.

If you're a woman who enjoys fisting or extreme penetration or has a fantasy about trying something like this you should reply.
If you're up to taking something large then we should plan to meet up and see what we can fit in there. If you've never tried this before and would like to try feel free to respond too.
I am gentle and work slowly until you can get it all in.
",50,average,,,,,,,,,,,," 5'7"" (170cm)",,,,,,,,,,,,,,divorced,,
http://oklahomacity.craigslist.org/msr/5457890367.html,oklahomacity,,2016-02-21 10:19,2016-03-04 12:18,msr,mw4w,Sister-Wife/Friend/LTR Wanted,"
We are a couple looking for a Sister-wife to share our home and life with. If you are not familiar with that term it is basically just a 2nd wife in the home of a polyamore relationship. We want to find that special lady that wants an easy life filled with love, travel and a great couple to spoil you. We want someone that wants to be part the very loving and caring long term relationship that we already have. 

We share all responsibilities in the home, we all take care of each other and we all love each other. We are financially secure enough to not want for anything. We would like to find someone that wants a secure, safe and loving home that enjoys taking care of others and being taken care of.

Please no children at home & non-smoker a must. We prefer someone that is HWP and enjoys being active and having a lot of fun.

We do have dogs so you cannot be afraid of animals. We are in our 40's, nice looking, in great shape, financially secure and a lot of love to share with you. Come live an easy life, vacation with us, live a spoiled life and let us please you.


Thanks
",,fit,,,,,,,,,,,,,,,,,,,,,,,,,,,,
http://oklahomacity.craigslist.org/msr/5473319720.html,oklahomacity,,2016-03-02 13:05,2016-03-02 13:21,msr,t4m,passing through NORMAN...HOPE WE CAN CHAT,"
Hi...im in Norman for a bit ans wanted to meet a nice guy for lunch or maybe a drink...maybe more. Wont be in Norman long. So hit me up. Im chocolate...if tht helps. If you want a picture of me. I suggest you send one first of you...just not your DICK and i will greatly reply bk with my photo.
",25,curvy,,,,,,,,,,,," 5'8"" (172cm)",,,,,,,,,,,,,,single,,
http://oklahomacity.craigslist.org/msr/5468350624.html,oklahomacity,,2016-02-28 09:03,2016-03-02 00:41,msr,m4w,28 blk male,"
You seek you shall find!!! I'm waiting for you...please send pic as I will the same
",28,average,,,,,,,,,,,," 6'2"" (187cm)",,,,,,,,,,,,,,single,,
http://oklahomacity.craigslist.org/msr/5471861976.html,oklahomacity,,2016-03-01 14:09,2016-03-01 14:48,msr,m4m,"Lonely, soft-spoken gay male seeking friendship/LTR","
I am 46, white, 5'8"" 165lb, with short, thinning brown hair that I keep shaved and hazel eyes. I am seeking friendship/LTR. No one-night stands. I love to cuddle, to be held and feel protected. I am soft, sensitive and passive. I would be the ""wifely"" type in a relationship. I do not smoke, drink, nor do drugs. I am seeking a guy who is : HIV-, disease -free, relationship-oriented, height-weight proportionate (thin and smooth is a plus), a non-smoker, non drug-user, have short hair, and likes to take charge. I do not care how masculine or feminine you are as long as you are not to the extreme either way. You must be between 25 and 40 only. I am open to relocation, down the road, for the right person, or hope to find someone to come to Phoenix.
",46,average,,,,,,,,,,,," 5'8"" (172cm)",,,,,,,,,,,,,,single,,
http://oklahomacity.craigslist.org/msr/5471066202.html,oklahomacity,,2016-03-01 01:40,2016-03-01 01:58,msr,mw4w,Couple searching for a lady,"
My boy friend and I are looking for a lovely lady to spend time with us.

We are both in our 40s , long haired , tall and thin rocker types but I'm not super thin, I still have curves . Very secure with ourselves and each other. 
We are smokers or vaporers. 
We are not magazine models but clean, thin, pretty and sexy all the same.
We are extremely clean and groomed but again we are long hairs.
Blood tests provided from both of us.
We like mirrors and toys a lot!!!
We are hoping to find a girl for fun around the house and of course tender, intimacy and euphoria. 
Don't get the wrong idea this is for me as much as it is for him and of course YOU. We both want this.
We are a very active couple and have limited time is why we've decided to post here. 
We are in the public eye some so must be discreet please. 
We are givers. Very affectionate and intimate. Very sensual.
The kind of girl we desire is thin(ish) and pretty , clean as heck, well groomed and not promiscuous except with us of course. Maybe a married lady looking to get out of her hum drum life style.
Not looking for a pro. Don't care if this is your first time we'll treat you respectfully and discreetly. Looking for someone who has their own life going and wants to be sensual and loving on the side.
No bondage types.
We want to rock some lucky ladies world. Hopefully not just a one night stand but you have to start somewhere right?
No drugs and only moderate drinking please.

Pretty tall order I guess. Any girls out there want to have some fun?
We are here for you. Nothing ventured nothing gained.....
",49,fit,,,,,,,,,,,," 5'8"" (172cm)",,,,,,,,,,,,,,divorced,,
http://oklahomacity.craigslist.org/msr/5450084832.html,oklahomacity,,2016-02-16 04:58,2016-02-29 21:26,msr,m4t,{Bi Black guy looking for fwb or boyfriend},"
*READMY ENTIRE AD*

Hello, I am a 22 year black male that want to find a mtf boyfriend (Not required I just like really feminine. guys). I have been looking for a while and would like to be able to find one that is willing to work with my situation and love me for me.
I am attached but its an open relationship 
I really want someone close to my age and feminine.
cross-dressers
trans gender
or regular males
please email me or kik me
my kik is wolfwood1
and i can text but you ll have to ask for my number thru email or kik
I'm a TOP btw
",22,,,,,,,,,,,,," 5'11"" (180cm)",,,,,,,,,,,,,,,,
http://oklahomacity.craigslist.org/msr/5468129701.html,oklahomacity,,2016-02-28 00:47,2016-02-28 00:47,msr,m4t,Looking for a LTR with someone special,"
Hi, I'm a 43 s/w/m looking for someone to spend time with and looking today for a good hot time, must be 18 and up, ddf, no mind games. If this is truly you and you are looking for the same then get back to me. FWB are ok, as long as it is on a everyday bases that we talk and get together a lot. I do love sex and looking for someone that is not afraid to have sex, I will swallow for the right person, and would like to try anal.
",43,average,,,,,,,,,,,," 5'8"" (172cm)",,,,,,,,,,,,,,single,,
http://oklahomacity.craigslist.org/msr/5458977238.html,oklahomacity,,2016-02-22 04:48,2016-02-27 12:37,msr,mw4w,Wantin a girlfriend,"
We are an interracial couple.. White-female.. Black male.. Were are lookin for a girl to have fun with.. We've never done this before.. I am currently 6 months preg and craving a women's touch.. (Five8zero)..He doesn't have to be involved but let him watch and if thing go well we can do more:)... Were down to earth.. Both 26 yrs old.. Like to go campin, fishin, and dancin. Lookin for someone in the NW area.. We live in a small town so this needs to be discret.. Friends in public and more at home..;) We can host..(4nine7).. Sometimes travel.. Would love a girlfriend type.. Have sleep overs type thing.. Looking for a attractive white female clean around the ages 21-27.. (7onefive8)..Average size.. Active...slim but a thick ass and pretty tits is a plus.. A pretty girl who likes to get a lil dirty!! Send pics.. Phone number in ad.. The sooner the better.. Were ready to see how this goes!! NO MEN or COUPLES!!
",26,athletic,,,,,,,,,,,," 5'3"" (160cm)",,"Campin, family, trying new things",,,,,,"Fun, active, experimental, outgoing",,,,,,partnered,,
http://oklahomacity.craigslist.org/msr/5465826178.html,oklahomacity,,2016-02-26 12:50,2016-02-26 12:50,msr,m4m,you need a new start homeless ltr live in fuck buddy,"
Be real send a pic stats alittle about you not a one time thing. Im a white male verc clean std free looking for a live in fuck buddy ltr im 42 6ft 210.clean no stds verc looking for a white lite skin slim to average verc 20s to 40s that whats a new start go to school and is willing to be monogamous im not looking to sleep around im very sexual kissing cuddling oral top bottom i like it daily but just want it to be with one person so send me a pic and lets talk remember that this is you moving to live with me im not in okc.
",42,average,,,,,,,,,,,," 6'0"" (182cm)",,,,,,,,,,,,,,single,,
http://oklahomacity.craigslist.org/msr/5462764675.html,oklahomacity,,2016-02-24 12:34,2016-02-24 12:34,msr,mw4w,"stable, secure couple looking for sister wife","
we are a secure couple/family and would like to open our doors to the right woman to join us as a member of our family for a all the love and friendship any woman deserves. we want to lift u up when u are down, and back u up when you are struggling. we will care for as a best friends and lovers should. if u want to know more send us a reply. include a pic and tell us about yourself.
",28,average,,,,,,,,,,,,,,,,,,,,,,,,,,married,,
http://oklahomacity.craigslist.org/msr/5462110879.html,oklahomacity,,2016-02-24 00:29,2016-02-24 00:54,msr,m4t,looking for my gurlfriend!!!,"
Hello I'm 31 Hispanic male looking for my lost half, if u want to know more about me let me know
",31,average,,,,,,,,,,,," 5'8"" (172cm)",,,,,,,,,,,,,,single,,
http://oklahomacity.craigslist.org/msr/5461243125.html,oklahomacity,,2016-02-23 12:59,2016-02-23 13:23,msr,mw4w,W4W or W4WM,"
W4W or W4WM
Looking for a woman who is more into women then men.
Would like to get to know you first via KIK doesntmatter_76
Then a meet and greet
W4W is ok he can play with the wife only. If you want more there are ways to achieve that.
You can just watch us also
Not looking for a one time thing.
",36,average,,,,,,,,,,,," 5'4"" (162cm)",,,,,,,,,,,,,,married,,
http://oklahomacity.craigslist.org/msr/5460997069.html,oklahomacity,,2016-02-23 10:51,2016-02-23 10:51,msr,m4w,Looking to hang out,"
Hey looking to hang out an see where it goes I'm in edmond I'm real if you wanna hang send a picture an put in the subject line date Ty for checking out the ad
",,athletic,,,,,,,,,,,," 6'1"" (185cm)",,,,,,,,,,,,,,,,
http://oklahomacity.craigslist.org/msr/5424957121.html,oklahomacity,,2016-01-29 14:48,2016-02-22 09:48,msr,m4t,divorced dad of two,"
I am 29 looking for someone to chat with make a new friend if possible. 
Ive dated TS before, this isn't a fetish thing I am not seeking out sex what so ever
just looking to maybe start something if not make a new friend...
",29,athletic,,,,,,,,,,,," 6'0"" (182cm)",,,,,,,,,,,,,,divorced,,
http://oklahomacity.craigslist.org/msr/5459003804.html,oklahomacity,,2016-02-22 06:03,2016-02-22 06:16,msr,m4m,"seeking twisted farmers, ranch hands and cowboys","
Looking for open minded guys with land to Fuck on. Clean ddf only. Give me a creampie or jerk off and give me a facial. Thicker is better. Multiple cocks is awesome. Heavy multiple cummers and shooters is a huge plus. Age not important. 18+. I'm free after 530pm most days.
",33,,,,,,,,,,,,,,,,,,,,,,,,,,,,,
http://oklahomacity.craigslist.org/msr/5417944593.html,oklahomacity,,2016-01-24 22:36,2016-02-21 23:06,msr,mw4w,Loving fun couple seeking,"
We are a married couple. We enjoy spending time with our 2 kids the youngest is 4 we love hanging out with each other friends and family. We are normal down to earth couple the only thing is I'm bi sexual we want a girlfriend for us both a third person in our relationship to hang with be like a true friend and lover long term we are attractive fit really into working out we enjoy dinner movies outdoors sports grilling concerts and having laid back chill nights as well we don't drink smoke or do pda in front of our kids we are responsible and mature only area we are kinda crazy in is in the bedroom
",34,athletic,,,,,,,,,,,," 5'6"" (167cm)",,,,,,,,,,,,,,married,,
http://oklahomacity.craigslist.org/msr/5418762522.html,oklahomacity,,2016-01-25 13:38,2016-02-21 16:07,msr,m4mw,just want to watch,"
Plain simple just seeking a couple to watch have sex from start to finish will not touch or join only touch myself all races welcome can be discreet also
",,,,,,,,,,,,,,,,,,,,,,,,,,,,,,
http://oklahomacity.craigslist.org/msr/5421611376.html,oklahomacity,,2016-01-27 11:29,2016-02-16 14:42,msr,mw4w,Attractive fun couple seeking girlfriend/playmate,"
I'm a 32 year old attractive female Blonde 5'6 130 .He is 30 year old attractive male 6 feet tall 205. I am wanting to find a girlfriend to have fun with talk too shop with watch movies with at home go out with me and my man once a month and be naughty with.We like to watch ufc go shopping have poker nights watch football go dancing or comedy club or go to concerts we also like staying in to watch sports and movies . We go out once or twice a month. But are always having people over or going to peoples house's for fun when cant go out.We have 2 kids 12 year old girl and a baby boy. Want a full time playmate/ girlfirend for me and my husband. We have found several girls to have fun with but no super cool chic close to my age that is bi and fun . It would be great if live close to us Message me if interested and height weight proportionate and close to our age and we can meet and see if hit it off. We are non smokers dont use drugs but occasional drink
",34,athletic,,,,,,,,,,,," 5'6"" (167cm)",,,,,,,,,,,,,,married,,
http://oklahomacity.craigslist.org/msr/5427682798.html,oklahomacity,,2016-01-31 14:59,2016-02-14 20:16,msr,w4mw,Looking for a Couple,"
I am a 29 year old unattached bi-female. I live in Oklahoma City and can host when needed. I am thick but not a bbw. I am looking for a couple that is open to ""dating"" and more. I want to be able to have a conversation with you as well as go down on you. Lol. Anyways.. I'm real, there is an ice storm moving in tonight. Let's chat and see where it takes us. Send me your kik, hopefully we can group convo.
",29,average,,,,,,,,,,,," 5'7"" (170cm)",,,,,,,,,,,,,,single,,
http://oklahomacity.craigslist.org/msr/5446820332.html,oklahomacity,,2016-02-13 15:47,2016-02-13 15:47,msr,t4m,FtM for possible relationship,"
I'm a mid twenties trans man looking for a casual relationship. I'm a student and I work, so sometimes I don't have a lot of free time but I love chatting with people.
",,,,,,,,,,,,,,,,,,,,,,,,,,,,,,
http://oklahomacity.craigslist.org/msr/5444483280.html,oklahomacity,,2016-02-12 02:39,2016-02-12 02:39,msr,mw4w,"stable, secure couple looking for sister wife","
we are a secure couple/family and would like to open our doors to the right woman to join us as a member of our family for a all the love and friendship any woman deserves. we want to lift u up when u are down, and back u up when you are struggling. we will care for as a best friends and lovers should. if u want to know more send us a reply. include a pic and tell us about yourself.
",28,average,,,,,,,,,,,,,,,,,,,,,,,,,,married,,
http://oklahomacity.craigslist.org/msr/5442993387.html,oklahomacity,,2016-02-11 00:56,2016-02-11 00:56,msr,m4t,trans women ARE women!,"
Hi, ladies! So... I am posting this ad basically to come out and say that YOU are beautiful! I feel more men should be emotionally supportive and open about about attraction to trans women. I am also attracted to cis women, but women are women. This isn't a ""fetish"", I just wanted to put myself out there. Trans woman are courageous and as a man that is trans attracted I figured I should take a leap and be open too. I am really just looking to meet a really cool women. So... Here I am. Open and honest. I am in to goofy, spooky stuff but can have a real meaningful conversation. I want to clarify AGAIN this isn't a ""fetish"" or ""dirty little secret"". I am definitely interested in meeting some cool new people. So... Message me back if you feel like talking and getting to know me. Pic for Pic. Also a little about yourself. Also the pic don't need to be ""naughty"", it's just nice to know who I am talking to. I would would post pics with the ad, but the site is being glitch... ðŸ’©
",33,big,tattoos,,,sometimes,,,mutt,hazel,,,black," 6'0"" (182cm)",,"occult imagery, comedy, post-punk, horror, the color black, goth, metal, synth pop, new wave, shitty rap, general esoteric shit...",,,,,,upbeat with a dark sense of humor.,,left as fuck,searching for enlightenment,,sometimes,divorced,,â™Š gemini
http://oklahomacity.craigslist.org/msr/5399727802.html,oklahomacity,,2016-01-12 13:06,2016-02-09 12:21,msr,m4mw,bull seeking a submissive cuckold couple who wish to be owned,"
im looking for a submissive cuckold couple who preferably are both looking to be made into sex slaves.
405
You both would be fucked and used on a regular basis. I am a easy going guy but rules would be set in place for you both and strictly enforced.432
i expect at least one of you to always be available for use at all times. I do not care if you have children as that can be worked around easily enough.4613
I am also willing to get my cuck couple pregnant if you both wish.

I require that you be in the norman area and at least one of you be ready for you at nearly all times but willing to make accommodations.

I have done this with many couples so far and it has worked well with them all.

I am 6 foot very stocky build and good looking if rough.


Reply back with a description of you both and your limits and kinks and lets see where things lead.

I am willing to teach you both and guide you thru this life style but you both must be dedicated to me to allow me to do such.

You are to put ""Hello Sir"" in the subject line along with your ages and every one from about 16 to 48 are willing to apply as i am looking for that one lucky couple and maybe a second if they every thing i am looking for
You may also text me but include all three info and what your wanting in the first message
",28,,,,,,,,,,,,,,,,,,,,,,,,,,,,,
http://oklahomacity.craigslist.org/msr/5436472222.html,oklahomacity,,2016-02-06 12:50,2016-02-06 12:50,msr,w4mw,Need to relax,"
I'm a Mwf. 40 size 20-22 (big)tall and looking to relax. Not looking for a one night stand but more for someone I can be comfortable with. It can be a single or couple but I do ask for a long hard one. I'm looking to relax a little this evening. Disease free. 420 OK. U host. No pic will get zero response. Let me know what you have to offer.
",40,heavy,,,,,,,,,,,," 5'10"" (177cm)",,,,,,,,,,,,,,separated,,
http://oklahomacity.craigslist.org/msr/5435125205.html,oklahomacity,,2016-02-05 13:58,2016-02-05 14:28,msr,m4mw,Prof WM in Norman 15th through 18th,"
Mature male 53yo Prof brown hair and eyes, 6' muscular build looking for a LTR with a nice couple
",53,,,,,,,,,,,,,,,,,,,,,,,,,,,,,
http://oklahomacity.craigslist.org/msr/5434390244.html,oklahomacity,,2016-02-05 03:06,2016-02-05 03:06,msr,m4w,Jason Aldean night,"
Ladies - simply wanting a nice woman that is attractive and classy and a bit sassy to date and 
Learn about each other to determine if it could develop into a real deal or if we end up friends is still okay. I am serious
About the concert. It's tonite. Put your favorite color in the subject
And a pic and I will send you mine.
",,average,,,,,,,,,,,," 6'1"" (185cm)",,,,,,,,,,,,,,divorced,,
http://oklahomacity.craigslist.org/msr/5433865257.html,oklahomacity,,2016-02-04 16:18,2016-02-04 17:52,msr,m4w,Dom man seeking sub/slave women,"
Well the title states the primary point. 
What I'm looking for is a woman who knows that they are submissive or thinks that they might be. From a fuck pig who enjoys degradation and hard core use to a baby girl sub who wants it more sensual and a firm guiding dom where punishment is merited rather than doled out for fun. I'm open to all ages from young - 80 as long as you have the desire to serve me we can talk and see if it will all work out.
All races as well however I will be honest I'm extremely picky when it comes to black women. 
I'm open to exploring all kinks no matter how odd you may think it is.
",23,average,,,,sometimes,,,,,,,," 6'4"" (193cm)",,,,,,,,,,,,,,single,,
http://oklahomacity.craigslist.org/msr/5386716685.html,oklahomacity,,2016-01-04 00:44,2016-02-01 21:18,msr,mw4w,We want to share you,"
Come be our center of attention! Looking for a regular thing... Someone to come over, hang out, stay the night... We are 420 friendly, tattooed and sexy ðŸ’‹ Your pic gets ours... No single men, couples considered... HWP and Disease free is the way to be ðŸ’‹

Still looking for the right one... Will remove ad when we find her â¤ï¸
",32,average,,,,,,,,,,,," 5'0"" (152cm)",,,,,,,,,,,,,,married,,
http://oklahomacity.craigslist.org/msr/5426122837.html,oklahomacity,,2016-01-30 12:01,2016-01-30 12:02,msr,m4t,Lookin for a country girl,"
Lookinf for a country girl. Im 27 athletic build 185lbs 6ft 1. Gonna be movin to the area for a job. Just tryin to get to know someone before i move. Im a down home country guy. Grew up in a small town have coubtry roots. Know how to treat a lady say yes mam and yall.
",27,athletic,Few tattoos,,,,,,,,Goatee,,," 6'1"" (185cm)",,Anything outside,,,,,,,Beagle,,,,,single,,
http://oklahomacity.craigslist.org/msr/5424489754.html,oklahomacity,,2016-01-29 10:28,2016-01-29 10:37,msr,,"Sane, DDF and not pushy??","
I am a normal, average guy in my 30's. I am looking for someone to get to know and if something more happens, so be it. Man, woman or couples welcome. If it does come to ""more"" I give my guarantee I will not be out doing ""more"" with other people.

I do not use drugs at all, social drinker and am disease free. I do not play the field either.

I am super intelligent and bore easily so please be able to engage me. I love comedy, computers, all music, sex of course, outdoor stuff like fishing, camping and BBQ, and so so much more.

I am not looking for someone who will push ""more"" every time we hang. If we are friends ""more"" will probably happen more frequently anyway, no need to push it/rush it.

So get back to me and lets see where it leads. 

Oh, and one last thing. I am very discreet about anything. So, if we run into each other in public, etc...you can rest assured any conversation will be cordial and not of a sexual nature or about any of our ""more"" activities.
",,thin,,,,,never,,,,,,," 5'9"" (175cm)",Negative,,,,,,,,,,,,,married,,
http://oklahomacity.craigslist.org/msr/5424490914.html,oklahomacity,,2016-01-29 10:29,2016-01-29 10:29,msr,,MWM seeking Role/Race Play,"
I am looking for someone into role and race play. I have this fantasy where I am dominated my a darker skinner fella who is into using racial slang during play, ie ""nigga dick"", etc. Additionally during this fantasy there is some verbal humiliation like calling me a sissy, slut, bitch, etc and telling me to suck this/take this big ""nigga"" dick/cock, making me say I love taking/sucking big nigga dick etc.

Let me be clear though, I am in no way racist. It is just something that has turned me on since I saw Shane Diesel (Black Porn Star and star of mydaughtersfuckinganigga website) saying it and making the girls say it.

So, if this sounds like you, lets talk. So, when you send me a message, put one thing you would like to say to me as the subject or I will delete it without reading.
",,,,,,,,,,,,,,,,,,,,,,,,,,,,,,
http://oklahomacity.craigslist.org/msr/5424488414.html,oklahomacity,,2016-01-29 10:27,2016-01-29 10:27,msr,mw4m,Bi Couple for Hung Gentleman 4 LTR,"
Bi mid 30's couple seeking hung gentleman for LTR in and outside of the bedroom. 

No drugs, diseases, animals, kids, body wastes or anything illegal or that will end us up on the news or in a correctional facility.

Must be hung (thick/diameter or long), bi or bi friendly (husband is a bi bottom), no drugs, not a drunkard either, no ex-cons either.

Us: mid 30's, smokers (trying to quit), ddf (including 420), social drinkers, discreet, she is bbw he is slender. Pics available. She is Latina as well.

Again, this is not a hook up post. We are looking for a long term relationship both in and outside of the bedroom.
",36,,,,,,,,,,,,,,,,,,,,,,,,,,,married,,
http://oklahomacity.craigslist.org/msr/5423634899.html,oklahomacity,,2016-01-28 16:26,2016-01-28 16:26,msr,m4w,Rope Bondage Class Partner,"
I am looking for a woman interested in being a practice partner for rope bondage (see pictures for examples). This would include rope corsets, harness, gauntlets, and assorted tie-downs. This can be done clothed, partially nude, or nude depending on your comfort level.

If interested send me a message about yourself and what you would like to try. Change the subject to tie me up and your height.
",45,hwp,,,,,,,,,,,," 5'6"" (167cm)",,,,,,,,,,,,,,divorced,,
http://oklahomacity.craigslist.org/msr/5423428743.html,oklahomacity,,2016-01-28 14:20,2016-01-28 14:20,msr,,SUB SUCKER ISO HSV HOST/S,"
I'm an attractive, hwp, clean cut mature male bi white male whose HSV has been under suppression with meds with no outbreaks for many years. I would like to find a M, CPL, or female who has H who would like to be serviced regularly. I have had experience with male DOMS and vanilla couples. I am VERY submissive and VERY orally giving and with men I LOVE to swallow. IF YOU HAVE THE ABILITY TO HOST IN THE OKC METRO and would like an ongoing ltr of servitude mild to wild please drop me a line and lets get acquainted.
",58,average,,,,,,,,,,,," 5'7"" (170cm)",,,,,,,,,,,,,,,,
http://oklahomacity.craigslist.org/msr/5376831136.html,oklahomacity,,2015-12-27 17:19,2016-01-25 22:27,msr,m4m,Are you a Black Bottom looking for a real connection?,"
Let me straight honest, in my heart I want nothing more than to find someone to love, commit myself to, and be with until the day I die. I want to finally experience the elusive love that I have watched everyone around me attain; I've been so close, yet, I feel so removed from it. 

For the right person, I am willing to do whatever is necessary in order to meet him. If he lives on pluto, I will build a rocket, spend ten years flying there and ten back just to bring him here with me. I am posting across the country in hopes of finding someone who feels the same and is interested in exploring each other for the purposes of a relationship. I am a Christian, faithful, loving, caring, romantic, sweet, kind, honest, attractive, and giving man. 

If you could imagine how the perfect husband would act and treat you, it would be me. All my life, I have dreamed of finding that one guy who I could share my everything with and love forever. I know how silly this must sound, considering popular gay culture, but there must be at least one more out there like me. I know you're out there, and I'm waiting. 

I'm a graduate student, heading into a great profession. I am educated, financially stable, with my own place and my own vehicle. I don't mind if you aren't as ""set"" as I am, what I care about is our connection. 

I want to meet someone who will give me the time to get to know him to see if he is the one. I thought at one point that love at first sight happens, but I've learned a lot about people and what love really is over the past couple of years. Love means giving up things you need for someone else's wants. Love means doing what's best for both of you. Love means you can't imagine your life without someone. 

Maybe you're just like me, you desire that one person who will cherish you for the rest of your life. Do you fantasize about that one guy who will hold you throughout the night, waking up to make sure you are pressed tightly against him and that you're safe? He would hold your hand all the time, take you on the best dates, and make you wonder where in the hell he has been your entire life. He would grasp you in ways that make you feel alive and show you how much you are wanted and needed. 

He would come to your rescue when you need him and show you everyday he is worthy and deserving of your entire heart and all of your devotion. I am that guy. I dream about doing all of those things for someone. It's the thing I desire most on this planet. I'm tired of only imagining my fairytale, I'm ready to live it. 

I know if you have read this far that you are wondering what I look like and what I like. . . right? Well, I am of average height (5'10""), I am burley, but I carry my weight well, very attractive, of mixed race, although I essentially am (look) white. I am a top and tend to fill the more classic ""guy"" role in a relationship. 

I also have an inclination to gravitate more towards black men who are shorter, thinner, and hairless, but my tendencies are in no way reflective of any ""absolutes"" placed on the guys I want to meet, but I will be as honest as possible and tell you that I find it highly unlikely that I will find someone who isn't black attractive. Furthermore, ideally I would prefer someone who is a virgin or has a minimal number of sexual partners. 


***********************************
IMPORTANT:
All I ask is that you be CHRISTIAN, disease free, do NOT use any drugs (including cigarettes), in your 20s/VERY early 30s, a BOTTOM (not vers, not top, not Vers/bttm, a BOTTOM), and willing to RELOCATE eventually if we decide to pursue something (not right away, obviously).

Include something about yourself, a photo, and your number. Be serious about wanting to get to know me. I don't want to waste anyone's time, nor have my time wasted. I prefer to talk via text or voice instead of email. I want someone who will maintain communication with me. Yes, we all get busy, but I don't want someone I have to chase in order to talk to them. 

And yes, I do have a photo, I just chose not to put it up because of my professional obligations. I am more than happy to share one with you by text. And I promise, I'm very handsome.

PLEASE, DO NOT CONTACT ME WITH HATEFUL THINGS, CRITIQUES OF MY POSTING, OR, OTHERWISE, ANYTHING BESIDES A GENUINE INTEREST IN GETTING TO KNOW ME. LASTLY, IF YOU CONTACT ME AND SAY SIMPLY ""PIC"" OR GIVE ME NO INFORMATION ABOUT YOURSELF, I WILL JUST IGNORE YOUR EMAIL. IF YOU ARE SERIOUSLY INTERESTED IN GETTING TO KNOW ME, THE PERSON, APPROACH ME LIKE YOU ARE, NOT LIKE THIS IS A HOOK UP.
",26,,,,,,,,,,,,,,,,,,,,,,,,,,,,,
http://oklahomacity.craigslist.org/msr/5378129306.html,oklahomacity,,2015-12-28 15:14,2016-01-25 12:08,msr,m4t,divorced dad of two,"
I am 29 looking for someone to chat with make a new friend if possible. 
Ive dated TS before, this isn't a fetish thing I am not seeking out sex what so ever
just looking to maybe start something if not make a new friend...
",29,athletic,,,,,,,,,,,," 6'0"" (182cm)",,,,,,,,,,,,,,divorced,,
http://oklahomacity.craigslist.org/msr/5407274277.html,oklahomacity,,2016-01-17 15:39,2016-01-24 22:40,msr,mw4w,Loving fun couple seeking,"
We are a married couple. We enjoy spending time with our 2 kids the youngest is 4 we love hanging out with each other friends and family. We are normal down to earth couple the only thing is I'm bi sexual we want a girlfriend for us both a third person in our relationship to hang with be like a true friend and lover long term we are attractive fit really into working out we enjoy dinner movies outdoors sports grilling concerts and having laid back chill nights as well we don't drink smoke or do pda in front of our kids we are responsible and mature only area we are kinda crazy in is in the bedroom
",34,athletic,,,,,,,,,,,," 5'6"" (167cm)",,,,,,,,,,,,,,married,,
http://oklahomacity.craigslist.org/msr/5416811674.html,oklahomacity,,2016-01-24 01:41,2016-01-24 03:35,msr,m4t,Seeking beautiful Tranny,"
Hi, this is sort of weird for me because idk or ever met anyone that's transgendered. Well I just want to experience something new, exciting & real. I've been with with a few women & I always get cheated on or hurt. I like the thought about being with a tranny but I love women & I'm looking for a real relationship someone that takes care of me & I take of you. I love boobs & asses but willing to try it out. I'm fun & adventurous. If you're interested send me a pic so I know you're real & a message to let me know you're interested. & I love older women in their 20s to 40. I like bbw, curvy, or thin
",24,athletic,,,,,,,,,,,," 5'5"" (165cm)",,,,,,,,,,,,,,single,,
http://oklahomacity.craigslist.org/msr/5484600389.html,oklahomacity,,2016-03-09 21:04,2016-03-09 22:21,msr,t4m,Fit ts 4 fit man(looking 2 date),"
I'm 5'6 blonde hair green eyes, I workout and take care of myself I run barrels and train barrels horses so horses are a big part of my life, I love anything active and outside, hanging out movies beers always good I'm easy going and easy to please, I'm looking for someone to hangout that wants to date if we hit it off I'm not looking to just hook up I take care of myself so I like the same in my men, I do have a type just like everyone else so send a pic of what you look like or I won't respond I'm not into old guys or black men sorry if I don't reply I'm just not interested and please don't contact me if you don't have the dating intensions
",30,athletic,,,,,,,,,,,," 5'6"" (167cm)",,,,,,,,,,,,,,single,,
http://oklahomacity.craigslist.org/msr/5484265726.html,oklahomacity,,2016-03-09 16:34,2016-03-09 17:08,msr,mw4w,looking for a third,"
My fiance and i are looking for a special woman to date and more. Someone that can be with both of us or even with one of us at a time, but still with both of us. We hope to hear from someone soon, your pic gets ours, please be disease free as are we
",36,,tattoos,,,,,,,,,,,,,,,,,,,,,,,,,,,
http://oklahomacity.craigslist.org/msr/5483917351.html,oklahomacity,,2016-03-09 13:09,2016-03-09 13:50,msr,m4w,Christian Man Wants To Give Oral Sex,"
Hope all you nice ladies are having a good day. Why does it have to be that Christians can't give oral sex? I am a married white professional man, honest, healthy, passionate. But my wife thinks that oral sex is dirty (according to scripture), but I disagree. This is something I have longed to do, I want to satisfy a woman orally. Is that a sin? I can't find it in the bible, so I think it is just my wife's preference. You host. I can travel.

I am kinda average, but not bad for my age. Non-smoker, I don't do drugs and am healthy. I also think that I am an above-average kisser. I enjoy laughing, music, movies and am not too serious.

If you agree with me, let me know. You can be Christian, or not. Married, or not. You must be able to host.. Please be warm, friendly, healthy, sane, kinda normal, but needing or looking for the same. Please be in the OKC area (South side is possible). 
I am not a Sugar Daddy, so pass me by if that is what you are looking for.
Hoping to hear from someone.
",61,average,,,,sometimes,never,,,,,,," 5'10"" (177cm)",,,,,,,,"Funny, comfortable, warm, polite",,,,,never,married,,
